{"cameraMode":{"drawMode":0,"name":"Shaded","section":"Shading Mode"},"sceneLighting":true,"audioPlay":false,"sceneViewState":{"showFog":true,"showMaterialUpdate":false,"showSkybox":true,"showFlares":true,"showImageEffects":true,"showParticleSystems":true},"in2DMode":false,"pivot":{"x":0.41878896951675417,"y":9.227594375610352,"z":4.438961982727051},"rotation":{"x":0.008686852641403675,"y":-0.027899688109755517,"z":-0.0002451239270158112,"w":-0.999581515789032},"size":8.842581748962403,"orthographic":false}