{"cameraMode":{"drawMode":0,"name":"Shaded","section":"Shading Mode"},"sceneLighting":true,"audioPlay":false,"sceneViewState":{"showFog":true,"showMaterialUpdate":false,"showSkybox":true,"showFlares":true,"showImageEffects":true,"showParticleSystems":true},"in2DMode":false,"pivot":{"x":471.64739990234377,"y":181.11016845703126,"z":-115.52096557617188},"rotation":{"x":-0.21017836034297944,"y":0.4916171133518219,"z":-0.12360271066427231,"w":-0.835991621017456},"size":578.0153198242188,"orthographic":false}