{"cameraMode":{"drawMode":0,"name":"Shaded","section":"Shading Mode"},"sceneLighting":true,"audioPlay":false,"sceneViewState":{"showFog":true,"showMaterialUpdate":false,"showSkybox":true,"showFlares":true,"showImageEffects":true,"showParticleSystems":true},"in2DMode":false,"pivot":{"x":14.895801544189454,"y":2.704927444458008,"z":38.50892639160156},"rotation":{"x":-0.12429992854595185,"y":-0.05444985628128052,"z":0.00681791128590703,"w":-0.9907404780387878},"size":6.216287136077881,"orthographic":false}