{"cameraMode":{"drawMode":0,"name":"Shaded","section":"Shading Mode"},"sceneLighting":true,"audioPlay":false,"sceneViewState":{"showFog":true,"showMaterialUpdate":false,"showSkybox":true,"showFlares":true,"showImageEffects":true,"showParticleSystems":true},"in2DMode":false,"pivot":{"x":1.1407718658447266,"y":0.6630611419677734,"z":8.084900856018067},"rotation":{"x":-0.21237362921237946,"y":0.5437802076339722,"z":-0.14454947412014008,"w":-0.7989540696144104},"size":8.394988059997559,"orthographic":false}