{"cameraMode":{"drawMode":0,"name":"Shaded","section":"Shading Mode"},"sceneLighting":false,"audioPlay":false,"sceneViewState":{"showFog":true,"showMaterialUpdate":false,"showSkybox":false,"showFlares":true,"showImageEffects":true,"showParticleSystems":true},"in2DMode":false,"pivot":{"x":-5.351064682006836,"y":-0.11693654954433441,"z":16.76591682434082},"rotation":{"x":-0.006291903555393219,"y":0.7369585633277893,"z":-0.0068609933368861679,"w":-0.6758867502212524},"size":0.3244953751564026,"orthographic":false}