{"cameraMode":{"drawMode":0,"name":"Shaded","section":"Shading Mode"},"sceneLighting":false,"audioPlay":false,"sceneViewState":{"showFog":true,"showMaterialUpdate":false,"showSkybox":false,"showFlares":true,"showImageEffects":true,"showParticleSystems":true},"in2DMode":false,"pivot":{"x":0.8531866669654846,"y":0.6599483489990234,"z":0.0},"rotation":{"x":-0.21237362921237946,"y":0.5437802076339722,"z":-0.14454947412014008,"w":-0.7989540696144104},"size":0.08660255372524262,"orthographic":false}